<?xml version="1.0" encoding="UTF-8"?>
<project-private xmlns="http://www.netbeans.org/ns/project-private/1">
    <editor-bookmarks xmlns="http://www.netbeans.org/ns/editor-bookmarks/2" lastBookmarkId="0"/>
    <open-files xmlns="http://www.netbeans.org/ns/projectui-open-files/2">
        <group>
            <file>file:/C:/Users/josue/Documents/NetBeansProjects/1Libreria/src/pkg1libreria/MenuModificar.java</file>
            <file>file:/C:/Users/josue/Documents/NetBeansProjects/1Libreria/src/pkg1libreria/ConexionFormulario.java</file>
            <file>file:/C:/Users/josue/Documents/NetBeansProjects/1Libreria/src/pkg1libreria/InsertarLibro.java</file>
            <file>file:/C:/Users/josue/Documents/NetBeansProjects/1Libreria/src/pkg1libreria/Modificarlibro.java</file>
            <file>file:/C:/Users/josue/Documents/NetBeansProjects/1Libreria/src/pkg1libreria/MainListas.java</file>
            <file>file:/C:/Users/josue/Documents/NetBeansProjects/1Libreria/src/pkg1libreria/Modificar.java</file>
        </group>
    </open-files>
</project-private>
